Deck,Title,LowerPrice,DateTime
LCKC,A-Assault Core,"0,40 €",2022-09-28
SDKS,A-Assault Core,"0,05 €",2022-09-28
LVP3,A-Assault Core,,2022-09-28
Deck,Title,LowerPrice,DateTime
TAMA,Absolute King Back Jack,"0,02 €",2022-09-28
MP22,Abyss Keeper,"0,05 €",2022-09-28
LED9,Abyss Shark,"0,10 €",2022-09-28
DUDE,Abyss Dweller,"0,27 €",2022-09-28
PGL2,Absolute King Back Jack,"0,34 €",2022-09-28
IGAS,Abominable Unchained Soul,"0,05 €",2022-09-28
THSF,Abyss Dweller,"0,15 €",2022-09-28
SDRR,Absorouter Dragon,"0,69 €",2022-09-28
BLLR,Abyss Actor - Curtain Raiser,"2,50 €",2022-09-28
DUOV,Abyss Actor - Hyper Director,"0,02 €",2022-09-28
CHIM,Abominable Chamber of the Unchained,"0,02 €",2022-09-28
LCKC,ABC-Dragon Buster,"1,35 €",2022-09-28
BODE,Abyss Keeper,"0,02 €",2022-09-28
MP20,Abomination's Prison,"2,39 €",2022-09-28
PGL3,Abyss Dweller,"0,59 €",2022-09-28
MP20,Abominable Chamber of the Unchained,"0,02 €",2022-09-28
OP13,ABC-Dragon Buster,"0,09 €",2022-09-28
SBCB,Absorbing Jar,"0,02 €",2022-09-28
SDKS,ABC-Dragon Buster,"0,05 €",2022-09-28
SR06,Absolute King Back Jack,"0,02 €",2022-09-28
CHIM,Abomination's Prison,"5,00 €",2022-09-28
LDS2,Abyss Actor - Wild Hope,"0,02 €",2022-09-28
OP13,Abyss Dweller,"52,00 €",2022-09-28
LDS2,Abyss Actor - Mellow Madonna,"0,02 €",2022-09-28
ROTD,Abyss Actor - Twinkle Little Star,"0,02 €",2022-09-28
SDRE,Abyss Soldier,"0,98 €",2022-09-28
LDS2,Abyss Playhouse - Fantastic Theater,"0,02 €",2022-09-28
CROS,Abyss Stungray,"0,02 €",2022-09-28
LED3,Abyss Actor - Comic Relief,"0,02 €",2022-09-28
DESO,Abyss Actor - Superstar,"0,08 €",2022-09-28
DESO,Abyss Script - Rise of the Abyss King,"0,03 €",2022-09-28
DESO,Abyss Actor - Funky Comedian,"0,02 €",2022-09-28
LED3,Abyss Actor - Leading Lady,"0,02 €",2022-09-28
LDS2,Abyss Actor - Comic Relief,"0,02 €",2022-09-28
DESO,Abyss Actor - Evil Heel,"0,15 €",2022-09-28
LDS2,Abyss Actor - Extras,"0,02 €",2022-09-28
DESO,Abyss Actor - Sassy Rookie,"0,02 €",2022-09-28
LED3,Abyss Actor - Superstar,"0,02 €",2022-09-28
ABYR,Abyss Dweller,"0,49 €",2022-09-28
LED3,Abyss Playhouse - Fantastic Theater,"0,02 €",2022-09-28
DESO,Abyss Script - Fantasy Magic,"0,02 €",2022-09-28
LDS2,Abyss Script - Romantic Terror,"0,02 €",2022-09-28
FET,Abare Ushioni,"0,02 €",2022-09-28
BLLR,Abyss Script - Abysstainment,"0,02 €",2022-09-28
DESO,Abyss Actor - Extras,"0,03 €",2022-09-28
LED3,Abyss Script - Opening Ceremony,"0,02 €",2022-09-28
LED3,Abyss Script - Romantic Terror,"0,02 €",2022-09-28
CMC,Abyss Soldier,"2,00 €",2022-09-28
COTD,Abyss Actor - Trendy Understudy,"0,02 €",2022-09-28
ABYR,Abyss-sphere (V.1 - Ultra Rare),"0,90 €",2022-09-28
MP16,Abyss Stungray,"0,02 €",2022-09-28
LED3,Abyss Actors Back Stage,"0,02 €",2022-09-28
DESO,Abyss Script - Opening Ceremony,"0,02 €",2022-09-28
LED3,Abyss Script - Rise of the Abyss King,"0,02 €",2022-09-28
ABYR,Abyss-strom,"0,02 €",2022-09-28
LEDD,Absolute Crusader,"0,02 €",2022-09-28
DESO,Abyss Actor - Leading Lady,"0,10 €",2022-09-28
DESO,Abyss Actors Back Stage,"0,02 €",2022-09-28
DESO,Abyss Prop - Wild Wagon,"0,02 €",2022-09-28
LTGY,Abyss-scale of the Mizuchi,"0,02 €",2022-09-28
LED3,Abyss Actor - Mellow Madonna,"0,02 €",2022-09-28
LDS2,Abyss Actors' Curtain Call,"0,02 €",2022-09-28
CBLZ,Abyss-scale of Cetus,"0,02 €",2022-09-28
ABYR,Abyss-scale of the Kraken,"0,02 €",2022-09-28
DESO,Abyss Script - Fire Dragon's Lair,"0,02 €",2022-09-28
ABYR,Abyss Warrior,"0,02 €",2022-09-28
LED3,Abyss Actors' Curtain Call,"0,02 €",2022-09-28
SOD,Abyssal Designator,"0,02 €",2022-09-28
AST,Absorbing Kid from the Sky,"0,02 €",2022-09-28
CBLZ,Abyss-scorn,"0,02 €",2022-09-28
SOD,Absolute End,"0,02 €",2022-09-28
CORE,Absorb Fusion,"0,99 €",2022-09-28
LED3,Abyss Actor - Trendy Understudy,"0,02 €",2022-09-28
DESO,Abyss Actor - Wild Hope,"0,19 €",2022-09-28
GAOV,Absorbing Jar,"0,02 €",2022-09-28
TU05,Abyssal Kingshark,"0,02 €",2022-09-28
CP02,Abyss Soldier,"2,99 €",2022-09-28
ABYR,Abyss-squall,"0,05 €",2022-09-28
TAEV,Abyssal Kingshark,"1,00 €",2022-09-28
ABYR,Abyss-sphere (V.2 - Ultimate Rare),"2,00 €",2022-09-28
LVP3,ABC-Dragon Buster,,2022-09-28
GENF,Absolute Crusader,"0,02 €",2022-09-28
DR3,Absolute End,"0,02 €",2022-09-28
MP18,Abyss Actor - Trendy Understudy,"0,02 €",2022-09-28
MP14,Abyss-scale of the Mizuchi,"0,02 €",2022-09-28
CDIP,Abaki,"0,02 €",2022-09-28
YSDS,Abaki,"0,02 €",2022-09-28
BP01,Abyssal Kingshark (V.1 - Common),"0,02 €",2022-09-28
DR3,Abyssal Designator,"0,02 €",2022-09-28
RC03,Abyss Dweller (V.1 - Super Rare),"0,30 €",2022-09-28
DR3,Abare Ushioni,"0,02 €",2022-09-28
DR2,Absorbing Kid from the Sky,"0,02 €",2022-09-28
BP01,Abyssal Kingshark (V.2 - Starfoil Rare),"0,09 €",2022-09-28
RC03,Abyss Dweller (V.2 - Secret Rare),"4,48 €",2022-09-28
DR02,Abyss Soldier,,2022-09-28
CHIM-JP,Abominable Chamber of the Unchained,,2022-09-28
IGAS-JP,Abominable Unchained Soul (V.1 - Super Rare),,2022-09-28
IGAS-JP,Abominable Unchained Soul (V.2 - Secret Rare),,2022-09-28
IGAS-JP,Abominable Unchained Soul (V.3 - Special),"99,00 €",2022-09-28
CHIM-JP,Abomination's Prison,,2022-09-28
SR13-JP,Absolute King Back Jack,,2022-09-28
SR06-JP,Absolute King Back Jack,,2022-09-28
SD36,Absorouter Dragon,"2,25 €",2022-09-28
DP20,Abyss Actor - Comic Relief,,2022-09-28
LVP3,Abyss Actor - Extras,,2022-09-28
LVP3,Abyss Actor - Hyper Director (V.1 - Super Rare),"0,05 €",2022-09-28
LVP3,Abyss Actor - Hyper Director (V.2 - Secret Rare),,2022-09-28
DP20,Abyss Actor - Leading Lady,,2022-09-28
DP20,Abyss Actor - Mellow Madonna,,2022-09-28
DP20,Abyss Actors Back Stage,,2022-09-28
DP20,Abyss Actors' Curtain Call,,2022-09-28
DP20,Abyss Actor - Superstar,,2022-09-28
DP20,Abyss Actor - Trendy Understudy,"0,25 €",2022-09-28
LVP3,Abyss Actor - Wild Hope,"0,10 €",2022-09-28
RC03,Abyss Dweller (V.3 - Collectors Rare),"11,00 €",2022-09-28
WPP3,Abyss Keeper,"4,00 €",2022-09-28
DP20,Abyss Playhouse - Fantastic Theater,,2022-09-28
LVP3,Abyss Script - Abysstainment,,2022-09-28
LVP3,Abyss Script - Fantasy Magic,,2022-09-28
DP20,Abyss Script - Opening Ceremony,,2022-09-28
DP20,Abyss Script - Rise of the Abyss King,,2022-09-28
DP20,Abyss Script - Romantic Terror,,2022-09-28
DP26,Abyss Shark (V.1 - Super Rare),,2022-09-28
DP26,Abyss Shark (V.2 - Secret Rare),,2022-09-28
DT06,Abyss Soldier,"5,00 €",2022-09-28
